DayofWeek,AvgOrders
Saturday,16.34615385
Friday,15.17647059
Thursday,14.35294118
Wednesday,13.88235294
Tuesday,13.11764706
Monday,13.09803922
Sunday,15
