DayofMonth,AvgOrders
31,8
30,14.27272727
29,14.09090909
28,14.45454546
27,14.90909091
26,13.90909091
25,15.36363636
24,16.09090909
23,16.45454546
22,14.90909091
21,15.63636364
20,14.09090909
19,15.27272727
18,15.54545455
17,15
16,16.09090909
15,16
14,16.18181818
13,16.27272727
12,15.72727273
11,15.81818182
10,16.54545455
9,16.27272727
8,16.18181818
7,15.72727273
6,15.54545455
5,14.54545455
4,15.27272727
3,15.09090909
2,15.72727273
1,14.63636364
