HourofDay,AvgOrders
23,0.895316804
22,0.923076923
21,0.936813187
20,0.988980716
19,0.906593407
18,0.950549451
17,0.898351648
16,0.870879121
15,0.867768595
14,0.862637363
13,0.804945055
12,0.953296703
11,0.848901099
10,0.867768595
9,0.807162534
8,0.82369146
